mysql> select * from `olympiad_results`;
+----+-------------+---------+----------------------------------------------------------------------------------------------------------------------------------------------------------------------------------------------------------------------------------------------------------------------------------------------------------------------------------------------------------------+-----------------+---------------+-------------------+-----------------+---------------+------------+---------+-------------+---------------------+---------------------+---------------------+
| id | olympiad_id | user_id | answers                                                                                                                                                                                                                                                                                                                                                        | correct_answers | wrong_answers | skipped_questions | total_questions | score_percent | time_spent | attempt | status      | finished_at         | created_at          | updated_at          |
+----+-------------+---------+----------------------------------------------------------------------------------------------------------------------------------------------------------------------------------------------------------------------------------------------------------------------------------------------------------------------------------------------------------------+-----------------+---------------+-------------------+-----------------+---------------+------------+---------+-------------+---------------------+---------------------+---------------------+
|  1 |           6 |       1 | NULL                                                                                                                                                                                                                                                                                                                                                           |               0 |             0 |                 0 |              30 |          0.00 |          0 |       1 | in_progress | NULL                | 2026-03-30 06:53:25 | 2026-03-30 06:53:25 |
|  2 |           6 |      44 | {"36": 142, "39": 154, "47": 186, "49": 195, "52": 207, "59": 235, "62": 248, "69": 274, "82": 326, "87": 346, "102": 406, "106": 423, "107": 425, "113": 450, "122": 487, "123": 490, "131": 522, "136": 542, "151": 602, "152": 606, "176": 702, "182": 726, "187": 747, "192": 766, "194": 774, "196": 782, "198": 790, "209": 834, "214": 854, "215": 858} |              27 |             3 |               170 |              30 |         90.00 |        525 |       1 | completed   | 2026-03-31 09:59:07 | 2026-03-31 09:50:04 | 2026-03-31 09:59:07 |
|  3 |           6 |      37 | {"29": 115, "34": 135, "35": 138, "42": 166, "55": 218, "60": 240, "63": 251, "67": 266, "68": 270, "70": 278, "86": 342, "89": 355, "90": 359, "96": 383, "108": 430, "115": 458, "133": 530, "143": 571, "155": 618, "160": 640, "164": 655, "171": 682, "172": 686, "174": 694, "196": 782, "204": 814, "212": 845, "215": 858, "216": 862, "220": 878}     |              30 |             0 |               170 |              30 |        100.00 |        832 |       1 | completed   | 2026-03-31 10:04:02 | 2026-03-31 09:50:07 | 2026-03-31 10:04:02 |
|  4 |           6 |      39 | NULL                                                                                                                                                                                                                                                                                                                                                           |               0 |             0 |                 0 |              30 |          0.00 |          0 |       1 | in_progress | NULL                | 2026-03-31 09:50:08 | 2026-03-31 09:50:08 |
|  5 |           6 |      32 | {"38": 151, "41": 163, "42": 166, "45": 178, "54": 214, "68": 272, "75": 298, "77": 306, "88": 351, "94": 374, "98": 389, "102": 406, "107": 426, "115": 458, "123": 489, "128": 511, "130": 520, "147": 585, "149": 594, "150": 598, "171": 682, "173": 690, "175": 698, "186": 742, "195": 779, "202": 806, "205": 818, "212": 845, "213": 850, "214": 854}  |              23 |             7 |               170 |              30 |         76.67 |        723 |       1 | completed   | 2026-03-31 10:02:12 | 2026-03-31 09:50:08 | 2026-03-31 10:02:12 |
|  6 |           6 |      33 | {"23": 91, "32": 126, "34": 135, "36": 142, "46": 183, "62": 248, "69": 274, "73": 290, "75": 298, "76": 303, "77": 306, "80": 319, "92": 366, "98": 389, "103": 410, "113": 450, "139": 554, "142": 567, "148": 591, "151": 602, "157": 626, "175": 698, "176": 702, "185": 738, "192": 766, "204": 814, "206": 822, "213": 850, "215": 858, "217": 866}      |              28 |             2 |               170 |              30 |         93.33 |        677 |       1 | completed   | 2026-03-31 10:01:27 | 2026-03-31 09:50:09 | 2026-03-31 10:01:27 |
|  7 |           6 |      31 | {"35": 138, "37": 147, "59": 235, "60": 240, "63": 251, "67": 266, "73": 290, "82": 326, "89": 355, "99": 395, "106": 423, "111": 444, "112": 446, "117": 466, "119": 474, "121": 482, "122": 487, "125": 499, "130": 518, "143": 571, "158": 631, "159": 636, "161": 642, "171": 682, "174": 694, "183": 730, "193": 770, "202": 806, "204": 814, "212": 845} |              29 |             1 |               170 |              30 |         96.67 |        532 |       1 | completed   | 2026-03-31 09:59:26 | 2026-03-31 09:50:09 | 2026-03-31 09:59:26 |
|  8 |           6 |      25 | {"26": 102, "27": 106, "30": 118, "33": 130, "36": 142, "40": 159, "44": 175, "45": 179, "49": 195, "71": 283, "85": 338, "90": 359, "106": 423, "125": 499, "127": 505, "131": 522, "132": 526, "147": 586, "150": 598, "151": 602, "153": 610, "164": 655, "172": 686, "193": 770, "194": 774, "207": 826, "208": 830, "212": 845, "217": 866, "218": 870}   |              29 |             1 |               170 |              30 |         96.67 |        703 |       1 | completed   | 2026-03-31 10:01:54 | 2026-03-31 09:50:10 | 2026-03-31 10:01:54 |
|  9 |           6 |      42 | {"23": 89, "28": 111, "39": 154, "42": 166, "51": 202, "62": 248, "65": 260, "70": 278, "72": 286, "82": 326, "84": 334, "85": 338, "99": 395, "101": 402, "105": 419, "112": 447, "113": 452, "122": 485, "128": 511, "144": 574, "147": 586, "160": 640, "164": 655, "171": 682, "182": 726, "192": 766, "199": 794, "211": 842, "213": 850, "217": 866}     |              23 |             7 |               170 |              30 |         76.67 |        792 |       1 | completed   | 2026-03-31 10:03:24 | 2026-03-31 09:50:10 | 2026-03-31 10:03:24 |
| 10 |           6 |      45 | {"33": 129, "38": 151, "41": 163, "52": 207, "61": 244, "62": 248, "65": 260, "69": 274, "76": 303, "81": 322, "89": 353, "94": 374, "100": 398, "101": 402, "102": 406, "105": 419, "106": 423, "107": 426, "108": 430, "113": 450, "121": 482, "131": 522, "132": 526, "134": 535, "151": 602, "155": 619, "189": 755, "197": 787, "200": 799, "210": 838}   |              21 |             9 |               170 |              30 |         70.00 |        553 |       1 | completed   | 2026-03-31 09:59:27 | 2026-03-31 09:50:12 | 2026-03-31 09:59:27 |
| 11 |           6 |      30 | {"24": 94, "27": 106, "40": 159, "45": 179, "47": 186, "51": 202, "56": 223, "58": 230, "65": 259, "68": 270, "75": 298, "77": 306, "81": 322, "99": 395, "111": 442, "112": 446, "123": 491, "127": 507, "136": 542, "141": 563, "149": 594, "162": 646, "165": 659, "168": 671, "172": 686, "173": 690, "192": 766, "195": 779, "205": 818, "215": 858}      |              30 |             0 |               170 |              30 |        100.00 |       1034 |       1 | completed   | 2026-03-31 10:07:29 | 2026-03-31 09:50:13 | 2026-03-31 10:07:29 |
| 12 |           6 |      36 | {"30": 118, "34": 135, "35": 138, "36": 142, "40": 159, "44": 175, "49": 195, "60": 238, "64": 256, "67": 266, "87": 346, "91": 361, "93": 370, "98": 390, "106": 423, "109": 434, "111": 444, "113": 450, "121": 481, "123": 491, "127": 505, "138": 551, "158": 631, "161": 642, "164": 655, "187": 747, "198": 790, "210": 838, "214": 854, "220": 878}     |              24 |             6 |               170 |              30 |         80.00 |        459 |       1 | completed   | 2026-03-31 09:57:58 | 2026-03-31 09:50:17 | 2026-03-31 09:57:58 |
| 13 |           6 |      38 | {"22": 85, "29": 115, "33": 130, "47": 186, "60": 240, "64": 255, "76": 303, "85": 338, "88": 349, "93": 370, "97": 388, "110": 438, "114": 454, "117": 466, "124": 493, "128": 511, "130": 518, "133": 530, "143": 571, "153": 610, "156": 623, "160": 640, "164": 655, "169": 674, "172": 686, "182": 726, "204": 814, "207": 826, "215": 858, "217": 866}   |              26 |             4 |               170 |              30 |         86.67 |        783 |       1 | completed   | 2026-03-31 10:03:25 | 2026-03-31 09:50:20 | 2026-03-31 10:03:25 |
| 14 |           6 |      29 | {"23": 91, "29": 115, "34": 135, "35": 138, "38": 151, "42": 166, "48": 190, "52": 207, "63": 251, "68": 270, "82": 326, "87": 346, "92": 366, "93": 370, "103": 410, "105": 418, "124": 493, "125": 499, "126": 503, "137": 548, "141": 562, "161": 642, "170": 678, "172": 686, "174": 694, "175": 698, "182": 726, "197": 786, "198": 790, "204": 814}      |              28 |             2 |               170 |              30 |         93.33 |        791 |       1 | completed   | 2026-03-31 10:03:36 | 2026-03-31 09:50:23 | 2026-03-31 10:03:36 |
| 15 |           6 |      27 | {"25": 99, "33": 131, "51": 202, "53": 210, "54": 214, "58": 230, "61": 241, "63": 251, "87": 346, "92": 366, "103": 410, "113": 450, "117": 466, "119": 474, "121": 482, "125": 499, "136": 542, "144": 574, "152": 606, "154": 614, "159": 636, "175": 698, "178": 710, "179": 714, "183": 730, "192": 766, "203": 810, "212": 845, "213": 850, "217": 866}  |              28 |             2 |               170 |              30 |         93.33 |        655 |       1 | completed   | 2026-03-31 10:01:55 | 2026-03-31 09:50:23 | 2026-03-31 10:01:55 |
| 16 |           6 |      35 | {"25": 99, "33": 130, "42": 166, "49": 195, "53": 210, "56": 223, "64": 255, "74": 294, "78": 311, "79": 314, "92": 366, "101": 402, "108": 431, "110": 438, "129": 515, "130": 520, "134": 535, "145": 578, "147": 586, "155": 619, "156": 623, "165": 658, "166": 664, "172": 686, "185": 738, "188": 751, "202": 806, "204": 814, "207": 826, "218": 870}   |              24 |             6 |               170 |              30 |         80.00 |        834 |       1 | completed   | 2026-03-31 10:04:21 | 2026-03-31 09:50:26 | 2026-03-31 10:04:21 |
| 17 |           6 |      28 | {"22": 86, "24": 94, "31": 123, "36": 142, "50": 198, "55": 218, "60": 240, "63": 251, "71": 283, "77": 306, "79": 314, "84": 334, "88": 350, "95": 378, "97": 388, "103": 410, "104": 413, "109": 434, "132": 526, "135": 538, "151": 602, "154": 614, "163": 651, "164": 655, "171": 682, "173": 690, "183": 730, "193": 770, "206": 822, "207": 826}        |              28 |             2 |               170 |              30 |         93.33 |       1242 |       1 | completed   | 2026-03-31 10:11:14 | 2026-03-31 09:50:27 | 2026-03-31 10:11:14 |
| 18 |           6 |      40 | {"22": 88, "25": 99, "29": 113, "33": 131, "46": 183, "56": 223, "71": 283, "73": 290, "75": 297, "79": 314, "80": 319, "84": 334, "85": 338, "97": 385, "117": 466, "121": 482, "124": 493, "130": 519, "136": 542, "139": 554, "142": 567, "153": 610, "161": 642, "163": 652, "168": 671, "175": 697, "181": 723, "196": 782, "205": 818, "219": 876}       |              20 |            10 |               170 |              30 |         66.67 |        706 |       1 | completed   | 2026-03-31 10:02:17 | 2026-03-31 09:50:29 | 2026-03-31 10:02:17 |
| 19 |           6 |      46 | {"25": 99, "28": 111, "52": 207, "57": 228, "59": 233, "63": 251, "68": 272, "74": 295, "83": 332, "84": 334, "97": 388, "100": 398, "120": 480, "125": 498, "133": 530, "134": 535, "135": 538, "138": 550, "140": 558, "158": 631, "159": 636, "162": 646, "164": 655, "174": 694, "177": 706, "180": 719, "183": 730, "184": 734, "207": 826, "221": 882}   |              22 |             8 |               170 |              30 |         73.33 |        766 |       1 | completed   | 2026-03-31 10:03:28 | 2026-03-31 09:50:37 | 2026-03-31 10:03:28 |
| 20 |           6 |      34 | {"25": 99, "29": 115, "31": 123, "40": 159, "44": 175, "46": 183, "53": 210, "57": 225, "61": 243, "70": 278, "76": 303, "77": 306, "79": 314, "85": 338, "102": 406, "106": 423, "109": 434, "116": 463, "123": 492, "132": 526, "142": 567, "145": 578, "149": 594, "179": 714, "184": 735, "194": 774, "198": 790, "205": 818, "213": 850, "219": 874}      |              27 |             3 |               170 |              30 |         90.00 |       1064 |       1 | completed   | 2026-03-31 10:09:10 | 2026-03-31 09:51:25 | 2026-03-31 10:09:10 |
| 21 |           6 |      41 | {"28": 111, "37": 147, "55": 218, "59": 235, "61": 243, "77": 306, "78": 311, "81": 322, "89": 353, "90": 359, "105": 419, "108": 430, "109": 434, "115": 458, "124": 495, "129": 515, "144": 574, "146": 582, "150": 598, "151": 602, "167": 667, "173": 690, "177": 706, "184": 734, "204": 814, "208": 830, "209": 834, "212": 845, "214": 854, "215": 858} |              27 |             3 |               170 |              30 |         90.00 |        654 |       1 | completed   | 2026-03-31 10:02:41 | 2026-03-31 09:51:45 | 2026-03-31 10:02:41 |
| 22 |           6 |      23 | {"23": 91, "27": 106, "33": 129, "41": 163, "42": 166, "44": 175, "47": 186, "48": 190, "56": 223, "75": 298, "78": 311, "84": 334, "90": 359, "91": 361, "95": 378, "107": 426, "109": 434, "113": 450, "140": 558, "152": 606, "156": 623, "166": 664, "167": 667, "168": 671, "169": 674, "170": 678, "179": 714, "180": 719, "182": 726, "203": 810}       |              29 |             1 |               170 |              30 |         96.67 |        806 |       1 | completed   | 2026-03-31 10:06:12 | 2026-03-31 09:52:45 | 2026-03-31 10:06:12 |
+----+-------------+---------+----------------------------------------------------------------------------------------------------------------------------------------------------------------------------------------------------------------------------------------------------------------------------------------------------------------------------------------------------------------+-----------------+---------------+-------------------+-----------------+---------------+------------+---------+-------------+---------------------+---------------------+---------------------+
22 rows in set (0.00 sec)

mysql> select * from `users`;
+----+-------------------------+--------------------------------------+-------------+-------------------+----------+----------------+----------+-------+-------------------+--------------------------------------------------------------+----------------+---------------------+---------------------+
| id | name                    | email                                | telegram_id | telegram_username | otp_code | otp_expires_at | otp_type | phone | email_verified_at | password                                                     | remember_token | created_at          | updated_at          |
+----+-------------------------+--------------------------------------+-------------+-------------------+----------+----------------+----------+-------+-------------------+--------------------------------------------------------------+----------------+---------------------+---------------------+
|  1 | Admin                   | admin@gmail.com                      | NULL        | NULL              | NULL     | NULL           | NULL     | NULL  | NULL              | $2y$12$v2CNpdK8l6WMlMXryKwtdOYNJB6RCgoPB9S8NZouWT9jg8wA/OWj. | NULL           | 2026-03-19 01:44:12 | 2026-03-19 01:44:12 |
| 12 | Mamayusuf Tursoatov     | mtoorg03@gmail.com                   | NULL        | NULL              | NULL     | NULL           | NULL     | NULL  | NULL              | $2y$12$3.SDCuKzjpLC5NxLgDcOmudnpfNEIBlwU6dq2hmeF5m89Kw.TpbIa | NULL           | 2026-03-19 08:11:09 | 2026-03-19 08:11:09 |
| 15 | Amonboyev Mehriddin     | mehriddinomonboyev@gmail.com         | NULL        | NULL              | NULL     | NULL           | NULL     | NULL  | NULL              | $2y$12$YlYjsdjhy9EadkKz7/dZ3OpdXkP4jaDGmjO2H84WZVQkvZcLI4rru | NULL           | 2026-03-23 14:48:56 | 2026-03-23 14:48:56 |
| 16 | Bunyod Shamsiddinov     | shamsiddinov1347@gmail.com           | NULL        | NULL              | NULL     | NULL           | NULL     | NULL  | NULL              | $2y$12$F4.IVGgeglJWdWISPuwDkeQggSDUFpDNWkEOAeBUkIO.7bujFjyi. | NULL           | 2026-03-23 19:49:03 | 2026-03-23 19:49:03 |
| 17 | Mahmudova               | mahmudovairoda101@gmail.com          | NULL        | NULL              | NULL     | NULL           | NULL     | NULL  | NULL              | $2y$12$MzLQ3m1kiptVcAAUfh6PsO7npst894eZAWG8oXfe4Ac68qB3Byv7m | NULL           | 2026-03-26 17:35:40 | 2026-03-26 17:35:40 |
| 18 | G'aybullayeva Lutfoya   | gaybullayevalutfiya@gmail.com        | NULL        | NULL              | NULL     | NULL           | NULL     | NULL  | NULL              | $2y$12$.N.iDMTA92mpKw6qKC.gl.rnOBLd5cJytx0aZRrGHLrWhEWG7E8im | NULL           | 2026-03-26 17:35:57 | 2026-03-26 17:35:57 |
| 19 | Egamqulova Marjona      | marjonaegamqulova9@gmail.com         | NULL        | NULL              | NULL     | NULL           | NULL     | NULL  | NULL              | $2y$12$G5r9Y6.wRimNbJGtENK5I.Pkd9byCm4l5xl0NWnx93Qv4mJzW0hBG | NULL           | 2026-03-26 17:36:13 | 2026-03-26 17:36:13 |
| 20 | ewr                     | asdasda@vsvs                         | NULL        | NULL              | NULL     | NULL           | NULL     | NULL  | NULL              | $2y$12$S88pYlJZsQcGmA55AZHxf.obLCHo41aJG6pAs1CEr3f1yyIgBRK7W | NULL           | 2026-03-26 17:37:15 | 2026-03-26 17:37:15 |
| 21 | Raxmonova Shaxnoza      | shokirovnadilbarimobruyeva@gmail.com | NULL        | NULL              | NULL     | NULL           | NULL     | NULL  | NULL              | $2y$12$SyhkyAW9Rgh98Vblw4SKE.T0wFMLaebl686j2wG0dpndc9wlyCSaO | NULL           | 2026-03-26 17:37:50 | 2026-03-26 17:37:50 |
| 22 | Yusufova Fotima         | yusufovaf1@gmail.com                 | NULL        | NULL              | NULL     | NULL           | NULL     | NULL  | NULL              | $2y$12$g4YYYYywXgwinMpNkhbBmelM.v0./e79gKxwp95n7qVYBIANo3rSu | NULL           | 2026-03-26 17:37:50 | 2026-03-26 17:37:50 |
| 23 | Doniyor Qudratov        | ishga74@gmail.com                    | NULL        | NULL              | NULL     | NULL           | NULL     | NULL  | NULL              | $2y$12$MU9NyOlQCQqb3N4jIvj95eaakVuktNKCCZozQyqLmulOJqwfepX9C | NULL           | 2026-03-30 03:19:12 | 2026-03-30 03:19:12 |
| 24 | Rem id autem itaque     | xahej@mailinator.com                 | NULL        | NULL              | NULL     | NULL           | NULL     | NULL  | NULL              | $2y$12$No7/xuBJvVFj1gbIXKOePeWtM9iXFaMIEosDM7tcbbQBMYNyrm6Z2 | NULL           | 2026-03-30 06:25:24 | 2026-03-30 06:25:24 |
| 25 | Shirinabonu Nurullayeva | shirinanurulaeva760@gmail.com        | NULL        | NULL              | NULL     | NULL           | NULL     | NULL  | NULL              | $2y$12$aUTDQGeQEH6q9cKKZgK.2ORyGV4B5GcOsPOaAGaHfm3xhx5D9eEPm | NULL           | 2026-03-30 09:52:34 | 2026-03-30 09:52:34 |
| 26 | qochqarovaezoza8        | qochqarovaezoza8@gmail.com           | NULL        | NULL              | NULL     | NULL           | NULL     | NULL  | NULL              | $2y$12$9W8Efkp6Tl/Ujj5Y2oDj4.TGcaTXexjMQEHqmQi1p65OL1FbX/KVW | NULL           | 2026-03-30 09:52:36 | 2026-03-30 09:52:36 |
| 27 | Po'latova Ruhshona      | ruxshonapolatova223@gmail.com        | NULL        | NULL              | NULL     | NULL           | NULL     | NULL  | NULL              | $2y$12$ily9xwrnWDXxqPzUAlB4f.CzKicoY4.ypppJ2nB9N9PCISWDw4htW | NULL           | 2026-03-30 09:52:41 | 2026-03-30 09:52:41 |
| 28 | Aziza Zaynitdinova      | azizazaynitdinova05@gmail.com        | NULL        | NULL              | NULL     | NULL           | NULL     | NULL  | NULL              | $2y$12$zYjzTK9EOV0J1sEsBgH23.tnZ6iFSqKE3mQn9MMbTEY8x0xsx2Syy | NULL           | 2026-03-30 09:52:41 | 2026-03-30 09:52:41 |
| 29 | Niyadullayeva Shalola   | niyadullayevashalola8@gmail.com      | NULL        | NULL              | NULL     | NULL           | NULL     | NULL  | NULL              | $2y$12$LZrud5QMH9ZydrM1BIwIoO5qZIsjWNhDcgHXaF6.rG8sxJbgKZAN. | NULL           | 2026-03-30 09:52:46 | 2026-03-30 09:52:46 |
| 30 | Gulsanam Mahmudova      | gulsanammahmudova9@gmail.com         | NULL        | NULL              | NULL     | NULL           | NULL     | NULL  | NULL              | $2y$12$yN5Nvrg6YiamB3L0O2Wn3uFN8R.xfW5IjwemE74OHaTw1l5qEJ8Ki | NULL           | 2026-03-30 09:52:51 | 2026-03-30 09:52:51 |
| 31 | Ismoilova Sug'diyona    | ismoilovasugdiyona4@gmail.com        | NULL        | NULL              | NULL     | NULL           | NULL     | NULL  | NULL              | $2y$12$ZEm4QDB1a2joCUPK4482SOXxHUZLDHqxV0eP45SuVoU81vb9hSkFy | NULL           | 2026-03-30 09:52:58 | 2026-03-30 09:52:58 |
| 32 | Bonu Tanaqulova         | bonutanaqulova@gmail.com             | NULL        | NULL              | NULL     | NULL           | NULL     | NULL  | NULL              | $2y$12$G0GZDMPvZ7PUP/L3VXXWCe4ckWPJ/.c/bLuYZcQBlCQPfgi1coKx2 | NULL           | 2026-03-30 09:52:58 | 2026-03-30 09:52:58 |
| 33 | Mohichehra Turahanova   | turaxonovamohichehra@gmail.com       | NULL        | NULL              | NULL     | NULL           | NULL     | NULL  | NULL              | $2y$12$myUMEplODfGcYR1uC/HjZ.3UW45xVP6UozAkupvYFXi.BHULbw3Yu | NULL           | 2026-03-30 09:53:06 | 2026-03-30 09:53:06 |
| 34 | Qobulova Odina          | qobulovaodina3606@gmail.com          | NULL        | NULL              | NULL     | NULL           | NULL     | NULL  | NULL              | $2y$12$fc4uib9iEKVfVDacY8FOAup5y8lA/fOntpdycjnykPz8OMlYizNT6 | NULL           | 2026-03-30 09:53:13 | 2026-03-30 09:53:13 |
| 35 | Nigina Sayfilloyeva     | niginasayfilloyeva7@gmail.com        | NULL        | NULL              | NULL     | NULL           | NULL     | NULL  | NULL              | $2y$12$zO5OOF6aRIlbsZuEjJMoJeh0mGX.YBV6ZHcXb0k9sH.f02XFo6f.C | NULL           | 2026-03-30 09:53:44 | 2026-03-30 09:53:44 |
| 36 | NorqulovaSevinchbonu    | ghudh5572@gmail.com                  | NULL        | NULL              | NULL     | NULL           | NULL     | NULL  | NULL              | $2y$12$iajz4eW2OJ2RRovqJ9bLnu5qYUGHavQNfhAjCeByb07wdd8XIYUKG | NULL           | 2026-03-30 09:54:00 | 2026-03-30 09:54:00 |
| 37 | Hamroqulova Umida       | umidakhamroqulova@gmail.com          | NULL        | NULL              | NULL     | NULL           | NULL     | NULL  | NULL              | $2y$12$6IjPTCR1SXpduP0WEQplYuPyI8TiyMI6rALkF6QJyq7oXnX0cnQuC | NULL           | 2026-03-30 09:54:10 | 2026-03-30 09:54:10 |
| 38 | Raxmatullayeva Jasmina  | jraxmatullayeva2@gmail.com           | NULL        | NULL              | NULL     | NULL           | NULL     | NULL  | NULL              | $2y$12$GaCTo1W0UTa3xjMf/z53a.mIC0Dk/lff36ON5FtGvT0WlReQcW.0u | NULL           | 2026-03-30 09:54:12 | 2026-03-30 09:54:12 |
| 39 | Xaydarova Dilnura       | mamadiyorovachehrona56@gmail.com     | NULL        | NULL              | NULL     | NULL           | NULL     | NULL  | NULL              | $2y$12$BkDCflmsZCdTZnXg1O3bXewGtIDRoBaoi/34IYb47Zzewh7LFqqnO | NULL           | 2026-03-30 09:54:14 | 2026-03-30 09:54:14 |
| 40 | Madina Abdujalilova     | madinaabdujalilova22@gmail.com       | NULL        | NULL              | NULL     | NULL           | NULL     | NULL  | NULL              | $2y$12$tuiWU4Tr358ILqPjBUQt7e6Koz78T/p2k7DSse5lltsl1YpXCy0e2 | NULL           | 2026-03-30 09:54:22 | 2026-03-30 09:54:22 |
| 41 | Isoyeva Mehribon        | mehribonisoeva1@gmail.com            | NULL        | NULL              | NULL     | NULL           | NULL     | NULL  | NULL              | $2y$12$S0PPLf83sg42XBQkdJl2Xehw72/0A/gtkp5GXkqx/vDVB1/P2GZSq | NULL           | 2026-03-30 09:54:28 | 2026-03-30 09:54:28 |
| 42 | SHahlo Jabborova        | djobborovashahlo@gmail.com           | NULL        | NULL              | NULL     | NULL           | NULL     | NULL  | NULL              | $2y$12$kJpFxwvxgM2B6s0RjMvmu.LeULVk46Lic71Ju2/nplyGjBAccTrxy | NULL           | 2026-03-30 09:54:30 | 2026-03-30 09:54:30 |
| 43 | Eshmurodova Aziza       | azizaeshmurodova071@gmail.com        | NULL        | NULL              | NULL     | NULL           | NULL     | NULL  | NULL              | $2y$12$8DGClCrlisajh0MwihQPjO12aMGuASHYuG3R7ZSXRswn1.kqnwx.6 | NULL           | 2026-03-30 09:54:44 | 2026-03-30 09:54:44 |
| 44 | Nurullayeva Sabrina     | nurullayevasabrina794@gmail.com      | NULL        | NULL              | NULL     | NULL           | NULL     | NULL  | NULL              | $2y$12$iMyT5DPSYHueU.owm6EDt.1C6AyaM.Oj7v7wPFOW68qFrNI4s2moy | NULL           | 2026-03-30 09:58:06 | 2026-03-30 09:58:06 |
| 45 | QochqarovaE'zoza        | qochqarovaezoza42@gmail.com          | NULL        | NULL              | NULL     | NULL           | NULL     | NULL  | NULL              | $2y$12$j/yu9HZGH.CfumkrHefLWelUBAd6v81ys8F8TRYRC53FW0OPApN46 | NULL           | 2026-03-30 09:58:53 | 2026-03-30 09:58:53 |
| 46 | Ismoilova Parvina       | jgismatov@gmail.com                  | NULL        | NULL              | NULL     | NULL           | NULL     | NULL  | NULL              | $2y$12$2.eW1.Rf6HsSiZZza/gvU.sRgQVl/.cqueX2clAUF9YFl3j8stRRO | NULL           | 2026-03-30 10:01:59 | 2026-03-30 10:01:59 |
| 47 | Aziza Eshmurodova       | azizaeshmurodova555@gmail.com        | NULL        | NULL              | NULL     | NULL           | NULL     | NULL  | NULL              | $2y$12$n145dQrDGioZEIC749rm6uwIiMLrM2yx2navYv6HE9Pw6s/j.x.qW | NULL           | 2026-03-31 09:48:55 | 2026-03-31 09:48:55 |
| 48 | Totam ad magnam expe    | faxubije@mailinator.com              | NULL        | NULL              | NULL     | NULL           | NULL     | NULL  | NULL              | $2y$12$YSqkId/rB75WDs.MgMyhaenfZ1Tdy7SRPQ0Y3yiM4DEmPtvv4MB1K | NULL           | 2026-03-31 11:21:15 | 2026-03-31 11:21:15 |